기간,소갈비평균,소갈비최고가,소갈비최저
2011-01-03,6925,7000,6850
2011-01-04,6925,7000,6850
2011-01-05,6925,7000,6850
2011-01-06,6925,7000,6850
2011-01-07,6925,7000,6850
2011-01-10,6925,7000,6850
2011-01-11,6925,7000,6850
2011-01-12,6925,7000,6850
2011-01-13,6925,7000,6850
2011-01-14,6925,7000,6850
2011-01-17,6925,7000,6850
2011-01-18,6925,7000,6850
2011-01-19,6925,7000,6850
2011-01-20,6925,7000,6850
2011-01-21,6925,7000,6850
2011-01-24,6925,7000,6850
2011-01-25,6925,7000,6850
2011-01-26,6925,7000,6850
2011-01-27,6600,7000,6200
2011-01-28,6600,7000,6200
2011-01-31,6943,7000,6850
2011-02-01,6943,7000,6850
2011-02-07,6610,7000,5980
2011-02-08,6490,7000,5980
2011-02-09,6490,7000,5980
2011-02-10,6925,7000,6850
2011-02-11,6925,7000,6850
2011-02-14,6925,7000,6850
2011-02-15,6925,7000,6850
2011-02-16,6925,7000,6850
2011-02-17,6925,7000,6850
2011-02-18,6925,7000,6850
2011-02-21,6925,7000,6850
2011-02-22,6425,7000,5850
2011-02-23,6425,7000,5850
2011-02-24,6425,7000,5850
2011-02-25,6425,7000,5850
2011-02-28,6425,7000,5850
2011-03-02,6425,7000,5850
2011-03-03,5490,7000,3980
2011-03-04,5490,7000,3980
2011-03-07,5490,7000,3980
2011-03-08,5490,7000,3980
2011-03-09,5490,7000,3980
2011-03-10,5490,7000,3980
2011-03-11,5490,7000,3980
2011-03-14,6425,7000,5850
2011-03-15,6425,7000,5850
2011-03-16,6425,7000,5850
2011-03-17,6425,7000,5850
2011-03-18,6425,7000,5850
2011-03-21,6767,7450,5850
2011-03-22,6767,7450,5850
2011-03-23,6767,7450,5850
2011-03-24,6767,7450,5850
2011-03-25,6767,7450,5850
2011-03-28,6767,7450,5850
2011-03-29,6767,7450,5850
2011-03-30,6767,7450,5850
2011-03-31,6767,7450,5850
2011-04-01,6767,7450,5850
2011-04-04,6767,7450,5850
2011-04-05,6767,7450,5850
2011-04-06,6267,7450,5500
2011-04-07,5317,5850,4600
2011-04-08,5317,5850,4600
2011-04-11,5317,5850,4600
2011-04-12,5317,5850,4600
2011-04-13,5675,5850,5500
2011-04-14,5675,5850,5500
2011-04-15,5675,5850,5500
2011-04-18,5675,5850,5500
2011-04-19,5675,5850,5500
2011-04-20,5675,5850,5500
2011-04-21,5675,5850,5500
2011-04-22,5675,5850,5500
2011-04-25,5675,5850,5500
2011-04-26,5675,5850,5500
2011-04-27,5475,5500,5450
2011-04-28,5475,5500,5450
2011-04-29,5475,5500,5450
2011-05-02,5475,5500,5450
2011-05-03,5475,5500,5450
2011-05-04,4740,5500,3980
2011-05-06,4740,5500,3980
2011-05-09,4740,5500,3980
2011-05-11,4740,5500,3980
2011-05-12,4740,5500,3980
2011-05-13,4740,5500,3980
2011-05-16,4740,5500,3980
2011-05-17,4537,5500,3980
2011-05-18,4453,5500,3980
2011-05-19,4578,6000,3980
2011-05-20,4462,6000,3980
2011-05-23,4462,6000,3980
2011-05-24,4462,6000,3980
2011-05-25,4462,6000,3980
2011-05-26,4462,6000,3980
2011-05-27,4462,6000,3980
2011-05-30,4642,6000,4000
2011-05-31,4642,6000,4000
2011-06-01,4642,6000,4000
2011-06-02,4642,6000,4000
2011-06-03,4642,6000,4000
2011-06-07,4642,6000,4000
2011-06-08,4642,6000,4000
2011-06-09,4642,6000,4000
2011-06-10,4642,6000,4000
2011-06-13,4642,6000,4000
2011-06-14,4642,6000,4000
2011-06-15,4642,6000,4000
2011-06-16,4642,6000,4000
2011-06-17,4642,6000,4000
2011-06-20,4642,6000,4000
2011-06-21,4642,6000,4000
2011-06-22,4642,6000,4000
2011-06-23,4642,6000,4000
2011-06-24,4642,6000,4000
2011-06-27,4642,6000,4000
2011-06-28,4642,6000,4000
2011-06-29,4642,6000,4000
2011-06-30,4642,6000,4000
2011-07-01,4642,6000,4000
2011-07-04,4642,6000,4000
2011-07-05,4642,6000,4000
2011-07-06,4642,6000,4000
2011-07-07,4642,6000,4000
2011-07-08,4642,6000,4000
2011-07-11,4642,6000,4000
2011-07-12,4642,6000,4000
2011-07-13,4642,6000,4000
2011-07-14,4642,6000,4000
2011-07-15,4642,6000,4000
2011-07-18,4642,6000,4000
2011-07-19,4642,6000,4000
2011-07-20,5018,6900,4000
2011-07-21,5018,6900,4000
2011-07-22,5018,6900,4000
2011-07-25,5015,6900,4000
2011-07-26,4638,5980,4000
2011-07-27,4638,5980,4000
2011-07-28,4638,5980,4000
2011-07-29,4638,5980,4000
2011-08-01,4415,5980,3300
2011-08-02,4415,5980,3300
2011-08-03,4415,5980,3300
2011-08-04,4415,5980,3300
2011-08-05,4415,5980,3300
2011-08-08,4415,5980,3300
2011-08-09,4770,6900,3300
2011-08-10,4770,6900,3300
2011-08-11,4770,6900,3300
2011-08-12,4415,5980,3300
2011-08-16,4415,5980,3300
2011-08-17,4415,5980,3300
2011-08-18,4770,6900,3300
2011-08-19,4770,6900,3300
2011-08-22,4859,6900,3300
2011-08-23,4859,6900,3300
2011-08-24,4859,6900,3300
2011-08-25,4859,6900,3300
2011-08-26,4859,6900,3300
2011-08-29,4801,6900,3300
2011-08-30,4801,6900,3300
2011-08-31,4801,6900,3300
2011-09-01,4801,6900,3300
2011-09-02,4359,5980,3300
2011-09-05,4689,5980,3300
2011-09-06,4689,5980,3300
2011-09-07,4689,5980,3300
2011-09-08,4826,6900,3300
2011-09-09,4826,6900,3300
2011-09-14,4826,6900,3300
2011-09-15,4452,5980,3300
2011-09-16,4452,5980,3300
2011-09-19,4452,5980,3300
2011-09-20,4452,5980,3300
2011-09-21,4335,5980,3300
2011-09-22,4701,6900,3300
2011-09-23,4701,6900,3300
2011-09-26,4701,6900,3300
2011-09-27,4644,6500,3300
2011-09-28,4644,6500,3300
2011-09-29,4644,6500,3300
2011-09-30,4644,6500,3300
2011-10-04,4644,6500,3300
2011-10-05,4644,6500,3300
2011-10-06,4644,6500,3300
2011-10-07,4644,6500,3300
2011-10-10,4359,6500,3300
2011-10-11,4359,6500,3300
2011-10-12,4359,6500,3300
2011-10-13,4359,6500,3300
2011-10-14,4359,6500,3300
2011-10-17,4359,6500,3300
2011-10-18,4359,6500,3300
2011-10-19,4359,6500,3300
2011-10-20,4359,6500,3300
2011-10-21,4359,6500,3300
2011-10-24,4359,6500,3300
2011-10-25,4359,6500,3300
2011-10-26,4359,6500,3300
2011-10-27,4359,6500,3300
2011-10-28,4359,6500,3300
2011-10-31,4359,6500,3300
2011-11-01,4359,6500,3300
2011-11-02,4359,6500,3300
2011-11-03,4359,6500,3300
2011-11-04,4359,6500,3300
2011-11-07,4359,6500,3300
2011-11-08,4359,6500,3300
2011-11-09,4359,6500,3300
2011-11-10,4359,6500,3300
2011-11-11,4359,6500,3300
2011-11-14,4359,6500,3300
2011-11-15,4359,6500,3300
2011-11-16,4359,6500,3300
2011-11-17,4359,6500,3300
2011-11-18,4359,6500,3300
2011-11-21,4359,6500,3300
2011-11-22,4384,6500,3300
2011-11-23,4384,6500,3300
2011-11-24,4384,6500,3300
2011-11-25,4384,6500,3300
2011-11-28,4384,6500,3300
2011-11-29,4384,6500,3300
2011-11-30,4384,6500,3300
2011-12-02,4384,6500,3300
2011-12-05,4384,6500,3300
2011-12-06,4384,6500,3300
2011-12-07,4384,6500,3300
2011-12-08,4384,6500,3300
2011-12-09,4384,6500,3300
2011-12-12,4384,6500,3300
2011-12-13,4384,6500,3300
2011-12-14,4384,6500,3300
2011-12-15,4384,6500,3300
2011-12-16,4376,6500,3300
2011-12-19,4376,6500,3300
2011-12-20,4376,6500,3300
2011-12-21,4376,6500,3300
2011-12-22,4376,6500,3300
2011-12-23,4519,6500,3300
2011-12-26,4447,6500,3300
2011-12-27,4433,6500,3300
2011-12-28,4433,6500,3300
2011-12-29,4433,6500,3300
2011-12-30,4432,6500,3300
2012-01-02,4413,6500,3300
2012-01-03,4413,6500,3300
2012-01-04,4413,6500,3300
2012-01-05,4330,6500,3300
2012-01-06,4413,6500,3300
2012-01-09,4413,6500,3300
2012-01-10,4413,6500,3300
2012-01-11,4511,6500,3300
2012-01-12,4413,6500,3300
2012-01-13,4413,6500,3300
2012-01-16,4637,6500,3300
2012-01-17,4566,6000,3300
2012-01-18,4566,6000,3300
2012-01-19,4566,6000,3300
2012-01-20,4670,6000,3300
2012-01-25,4230,5480,3300
2012-01-26,4337,5480,3300
2012-01-27,4266,5400,3300
2012-01-30,4480,5980,3300
2012-01-31,4337,5480,3300
2012-02-01,4168,5800,3000
2012-02-02,4143,5800,3000
2012-02-03,4101,5800,3000
2012-02-06,4109,5800,3000
2012-02-07,3911,5500,3000
2012-02-08,4023,5500,3000
2012-02-09,4023,5500,3000
2012-02-10,4023,5500,3000
2012-02-13,4023,5500,3000
2012-02-14,4023,5500,3000
2012-02-15,3967,4990,3000
2012-02-16,3956,4990,3000
2012-02-17,3956,4990,3000
2012-02-20,3956,4990,3000
2012-02-21,3956,4990,3000
2012-02-22,3956,4990,3000
2012-02-23,4050,4990,3000
2012-02-24,4050,4990,3000
2012-02-27,3960,4990,3000
2012-02-28,3960,4990,3000
2012-02-29,3960,4990,3000
2012-03-02,3960,4990,3000
2012-03-05,4000,5280,3000
2012-03-06,4050,5280,3300
2012-03-07,4050,5280,3300
2012-03-08,4050,5280,3300
2012-03-09,4050,5280,3300
2012-03-12,4050,5280,3300
2012-03-13,4050,5280,3300
2012-03-14,4050,5280,3300
2012-03-15,4050,5280,3300
2012-03-16,4050,5280,3300
2012-03-19,4050,5280,3300
2012-03-20,4050,5280,3300
2012-03-21,4050,5280,3300
2012-03-22,4050,5280,3300
2012-03-23,4050,5280,3300
2012-03-26,4050,5280,3300
2012-03-27,4050,5280,3300
2012-03-28,4050,5280,3300
2012-03-29,3946,5280,3300
2012-03-30,3946,5280,3300
2012-04-02,3946,5280,3300
2012-04-03,3946,5280,3300
2012-04-04,3946,5280,3300
2012-04-05,3946,5280,3300
2012-04-06,3946,5280,3300
2012-04-09,3946,5280,3300
2012-04-10,3946,5280,3300
2012-04-12,4001,5280,3300
2012-04-13,4001,5280,3300
2012-04-16,4100,5280,3300
2012-04-17,4100,5280,3300
2012-04-18,4129,5280,3300
2012-04-19,4129,5280,3300
2012-04-20,4129,5280,3300
2012-04-23,4129,5280,3300
2012-04-24,4129,5280,3300
2012-04-25,4129,5280,3300
2012-04-26,3949,5280,3300
2012-04-27,3949,5280,3300
2012-04-30,3949,5280,3300
2012-05-02,4129,5280,3300
2012-05-03,4119,5280,3300
2012-05-04,4119,5280,3300
2012-05-07,4119,5280,3300
2012-05-08,4119,5280,3300
2012-05-09,4119,5280,3300
2012-05-10,4119,5280,3300
2012-05-11,4119,5280,3300
2012-05-14,4119,5280,3300
2012-05-15,4132,5280,3300
2012-05-16,4088,5280,3300
2012-05-17,4088,5280,3300
2012-05-18,4069,5280,3300
2012-05-21,4069,5280,3300
2012-05-22,4069,5280,3300
2012-05-23,4069,5280,3300
2012-05-24,4069,5280,3300
2012-05-25,3982,4880,3300
2012-05-29,4069,5280,3300
2012-05-30,4069,5280,3300
2012-05-31,4069,5280,3300
2012-06-01,4069,5280,3300
2012-06-04,4113,5280,3300
2012-06-05,4113,5280,3300
2012-06-07,4113,5280,3300
2012-06-08,4113,5280,3300
2012-06-11,4113,5280,3300
2012-06-12,4113,5280,3300
2012-06-13,4113,5280,3300
2012-06-14,4113,5280,3300
2012-06-15,4113,5280,3300
2012-06-18,4113,5280,3300
2012-06-19,4113,5280,3300
2012-06-20,4113,5280,3300
2012-06-21,4113,5280,3300
2012-06-22,4113,5280,3300
2012-06-25,4113,5280,3300
2012-06-26,4113,5280,3300
2012-06-27,4132,5280,3300
2012-06-28,4132,5280,3300
2012-06-29,4132,5280,3300
2012-07-02,4132,5280,3300
2012-07-03,4132,5280,3300
2012-07-04,4132,5280,3300
2012-07-05,4132,5280,3300
2012-07-06,4132,5280,3300
2012-07-09,4132,5280,3300
2012-07-10,4132,5280,3300
2012-07-11,4088,5280,3300
2012-07-12,4088,5280,3300
2012-07-13,4088,5280,3300
2012-07-16,4088,5280,3300
2012-07-17,4088,5280,3300
2012-07-18,4088,5280,3300
2012-07-19,4088,5280,3300
2012-07-20,4088,5280,3300
2012-07-23,4154,5480,3300
2012-07-24,4154,5480,3300
2012-07-25,4154,5480,3300
2012-07-26,4154,5480,3300
2012-07-27,4154,5480,3300
2012-07-30,4154,5480,3300
2012-07-31,4229,5480,3300
2012-08-01,4229,5480,3300
2012-08-02,4229,5480,3300
2012-08-03,4229,5480,3300
2012-08-06,4289,5500,3300
2012-08-07,4289,5500,3300
2012-08-08,4289,5500,3300
2012-08-09,4154,5480,3300
2012-08-10,4154,5480,3300
2012-08-13,4154,5480,3300
2012-08-14,4154,5480,3300
2012-08-16,4154,5480,3300
2012-08-17,4154,5480,3300
2012-08-20,4154,5480,3300
2012-08-21,4154,5480,3300
2012-08-22,4154,5480,3300
2012-08-23,4154,5480,3300
2012-08-24,4154,5480,3300
2012-08-27,4154,5480,3300
2012-08-28,4154,5480,3300
2012-08-29,4177,5680,3300
2012-08-30,4177,5680,3300
2012-08-31,4177,5680,3300
2012-09-03,4177,5680,3300
2012-09-04,4177,5680,3300
2012-09-05,4177,5680,3300
2012-09-06,4177,5680,3300
2012-09-07,4177,5680,3300
2012-09-10,4199,5880,3300
2012-09-11,4199,5880,3300
2012-09-12,4199,5880,3300
2012-09-13,4199,5880,3300
2012-09-14,4199,5880,3300
2012-09-17,4339,5980,3300
2012-09-18,4342,6180,3300
2012-09-19,4392,6180,3300
2012-09-20,4269,6180,3300
2012-09-21,4269,6180,3300
2012-09-24,4269,6180,3300
2012-09-25,4321,6250,3300
2012-09-26,4321,6250,3300
2012-09-27,4321,6250,3300
2012-09-28,4321,6250,3300
2012-10-02,4080,6180,3300
2012-10-04,4018,5680,3300
2012-10-05,4018,5680,3300
2012-10-08,4266,6250,3300
2012-10-09,4266,6250,3300
2012-10-10,4266,6250,3300
2012-10-11,4266,6250,3300
2012-10-12,4266,6250,3300
2012-10-15,4266,6250,3300
2012-10-16,4266,6250,3300
2012-10-17,4266,6250,3300
2012-10-18,4239,6250,3300
2012-10-19,4239,6250,3300
2012-10-22,4239,6250,3300
2012-10-23,4239,6250,3300
2012-10-24,4239,6250,3300
2012-10-25,4031,5680,3300
2012-10-26,4031,5680,3300
2012-10-29,4031,5680,3300
2012-10-30,4031,5680,3300
2012-10-31,4031,5680,3300
2012-11-01,4031,5680,3300
2012-11-02,4031,5680,3300
2012-11-05,4031,5680,3300
2012-11-06,4206,6250,3300
2012-11-07,4206,6250,3300
2012-11-08,4206,6250,3300
2012-11-09,4206,6250,3300
2012-11-12,4206,6250,3300
2012-11-13,4206,6250,3300
2012-11-14,4209,6280,3300
2012-11-15,4206,6250,3300
2012-11-16,4206,6250,3300
2012-11-19,4206,6250,3300
2012-11-20,4206,6250,3300
2012-11-21,4206,6250,3300
2012-11-22,4206,6250,3300
2012-11-23,4206,6250,3300
2012-11-26,4206,6250,3300
2012-11-27,4206,6250,3300
2012-11-28,4206,6250,3300
2012-11-29,4206,6250,3300
2012-11-30,4206,6250,3300
2012-12-03,4117,6250,3300
2012-12-04,4117,6250,3300
2012-12-05,4117,6250,3300
2012-12-06,4206,6250,3300
2012-12-07,4206,6250,3300
2012-12-10,4117,6250,3300
2012-12-11,4117,6250,3300
2012-12-12,4206,6250,3300
2012-12-13,4206,6250,3300
2012-12-14,4206,6250,3300
2012-12-17,4206,6250,3300
2012-12-18,4206,6250,3300
2012-12-20,4206,6250,3300
2012-12-21,4206,6250,3300
2012-12-24,4206,6250,3300
2012-12-26,4206,6250,3300
2012-12-27,4206,6250,3300
2012-12-28,4239,6250,3300
2012-12-31,4239,6250,3300
2013-01-02,4239,6250,3300
2013-01-03,4239,6250,3300
2013-01-04,4261,6250,3300
2013-01-07,4261,6250,3300
2013-01-08,4261,6250,3300
2013-01-09,4185,6250,3300
2013-01-10,4185,6250,3300
2013-01-11,4185,6250,3300
2013-01-14,4185,6250,3300
2013-01-15,4185,6250,3300
2013-01-16,4185,6250,3300
2013-01-17,4185,6250,3300
2013-01-18,4185,6250,3300
2013-01-21,4185,6250,3300
2013-01-22,4185,6250,3300
2013-01-23,4185,6250,3300
2013-01-24,4348,6250,3300
2013-01-25,4348,6250,3300
2013-01-28,4348,6250,3300
2013-01-29,4348,6250,3300
2013-01-30,4348,6250,3300
2013-01-31,4348,6250,3300
2013-02-01,4348,6250,3300
2013-02-04,4348,6250,3300
2013-02-05,4185,6250,3300
2013-02-06,4185,6250,3300
2013-02-07,4185,6250,3300
2013-02-08,4185,6250,3300
2013-02-12,4185,6250,3300
2013-02-13,4185,6250,3300
2013-02-14,4185,6250,3300
2013-02-15,4185,6250,3300
2013-02-18,3956,6180,3300
2013-02-19,3956,6180,3300
2013-02-20,3956,6180,3300
2013-02-21,4158,6180,3300
2013-02-22,4158,6180,3300
2013-02-25,4348,6250,3300
2013-02-26,4348,6250,3300
2013-02-27,4348,6250,3300
2013-02-28,4185,6250,3300
2013-03-04,4185,6250,3300
2013-03-05,4185,6250,3300
2013-03-06,4185,6250,3300
2013-03-07,4185,6250,3300
2013-03-08,4185,6250,3300
2013-03-11,4185,6250,3300
2013-03-12,4185,6250,3300
2013-03-13,4185,6250,3300
2013-03-14,4185,6250,3300
2013-03-15,4185,6250,3300
2013-03-18,4085,6250,3300
2013-03-19,4115,6250,3300
2013-03-20,4115,6250,3300
2013-03-21,4115,6250,3300
2013-03-22,4115,6250,3300
2013-03-25,4115,6250,3300
2013-03-26,4115,6250,3300
2013-03-27,4115,6250,3300
2013-03-28,4115,6250,3300
2013-03-29,4115,6250,3300
2013-04-01,4115,6250,3300
2013-04-02,4115,6250,3300
2013-04-03,4115,6250,3300
2013-04-04,4115,6250,3300
2013-04-05,4115,6250,3300
2013-04-08,4115,6250,3300
2013-04-09,4115,6250,3300
2013-04-10,4115,6250,3300
2013-04-11,4115,6250,3300
2013-04-12,4115,6250,3300
2013-04-15,4115,6250,3300
2013-04-16,4115,6250,3300
2013-04-17,4115,6250,3300
2013-04-18,3965,6250,3300
2013-04-19,3965,6250,3300
2013-04-22,3965,6250,3300
2013-04-23,3965,6250,3300
2013-04-24,3965,6250,3300
2013-04-25,3965,6250,3300
2013-04-26,3965,6250,3300
2013-04-29,3965,6250,3300
2013-04-30,3965,6250,3300
2013-05-02,4115,6250,3300
2013-05-03,4115,6250,3300
2013-05-06,4115,6250,3300
2013-05-07,4115,6250,3300
2013-05-08,4118,6280,3300
2013-05-09,4118,6280,3300
2013-05-10,4118,6280,3300
2013-05-13,4118,6280,3300
2013-05-14,4118,6280,3300
2013-05-15,4118,6280,3300
2013-05-16,4115,6250,3300
2013-05-20,4115,6250,3300
2013-05-21,4115,6250,3300
2013-05-22,4115,6250,3300
2013-05-23,4115,6250,3300
2013-05-24,4115,6250,3300
2013-05-27,4115,6250,3300
2013-05-28,4115,6250,3300
2013-05-29,4115,6250,3300
2013-05-30,4115,6250,3300
2013-05-31,4115,6250,3300
2013-06-03,4115,6250,3300
2013-06-04,4115,6250,3300
2013-06-05,4115,6250,3300
2013-06-07,4055,6250,3300
2013-06-10,4055,6250,3300
2013-06-11,4055,6250,3300
2013-06-12,4055,6250,3300
2013-06-13,4055,6250,3300
2013-06-14,4055,6250,3300
2013-06-17,4055,6250,3300
2013-06-18,4115,6250,3300
2013-06-19,4115,6250,3300
2013-06-20,4115,6250,3300
2013-06-21,4115,6250,3300
2013-06-24,3990,5480,3300
2013-06-25,4070,5800,3300
2013-06-26,4070,5800,3300
2013-06-27,4070,5800,3300
2013-06-28,4070,5800,3300
2013-07-01,4115,6250,3300
2013-07-02,4115,6250,3300
2013-07-03,4115,6250,3300
2013-07-04,4115,6250,3300
2013-07-05,4115,6250,3300
2013-07-08,4115,6250,3300
2013-07-09,4115,6250,3300
2013-07-10,4115,6250,3300
2013-07-11,4115,6250,3300
2013-07-12,4115,6250,3300
2013-07-15,4115,6250,3300
2013-07-16,4115,6250,3300
2013-07-17,4115,6250,3300
2013-07-18,4115,6250,3300
2013-07-19,4115,6250,3300
2013-07-22,4115,6250,3300
2013-07-23,4115,6250,3300
2013-07-24,4115,6250,3300
2013-07-25,4110,6200,3300
2013-07-26,4110,6200,3300
2013-07-29,4110,6200,3300
2013-07-30,4110,6200,3300
2013-07-31,4110,6200,3300
2013-08-01,4110,6200,3300
2013-08-02,4110,6200,3300
2013-08-05,4115,6250,3300
2013-08-06,4115,6250,3300
2013-08-07,4115,6250,3300
2013-08-08,4115,6250,3300
2013-08-09,4115,6250,3300
2013-08-12,4115,6250,3300
2013-08-13,4110,6200,3300
2013-08-14,4110,6200,3300
2013-08-16,4110,6200,3300
2013-08-19,4180,6200,3300
2013-08-20,4180,6200,3300
2013-08-21,4180,6200,3300
2013-08-22,4180,6200,3300
2013-08-23,4180,6200,3300
2013-08-26,4180,6200,3300
2013-08-27,4180,6200,3300
2013-08-28,4180,6200,3300
2013-08-29,4180,6200,3300
2013-08-30,4196,6200,3300
2013-09-02,4256,6800,3300
2013-09-03,4256,6800,3300
2013-09-04,4256,6800,3300
2013-09-05,4256,6800,3300
2013-09-06,4256,6800,3300
2013-09-09,4256,6800,3300
2013-09-10,4256,6800,3300
2013-09-11,4256,6800,3300
2013-09-12,4316,6800,3300
2013-09-13,4316,6800,3300
2013-09-16,4332,6800,3300
2013-09-17,4332,6800,3300
2013-09-23,4272,6800,3300
2013-09-24,4272,6800,3300
2013-09-25,4272,6800,3300
2013-09-26,4272,6800,3300
2013-09-27,3991,6180,3300
2013-09-30,3991,6180,3300
2013-10-01,3991,6180,3300
2013-10-02,3991,6180,3300
2013-10-04,3991,6180,3300
2013-10-07,3991,6180,3300
2013-10-08,3991,6180,3300
2013-10-10,3991,6180,3300
2013-10-11,3991,6180,3300
2013-10-14,3991,6180,3300
2013-10-15,3991,6180,3300
2013-10-16,4272,6800,3300
2013-10-17,4272,6800,3300
2013-10-18,4272,6800,3300
2013-10-21,4272,6800,3300
2013-10-22,4272,6800,3300
2013-10-23,4272,6800,3300
2013-10-24,4302,6800,3300
2013-10-25,4302,6800,3300
2013-10-28,4302,6800,3300
2013-10-29,4302,6800,3300
2013-10-30,4302,6800,3300
2013-10-31,4319,6800,3300
2013-11-01,4319,6800,3300
2013-11-04,4319,6800,3300
2013-11-05,4319,6800,3300
2013-11-06,4319,6800,3300
2013-11-07,4319,6800,3300
2013-11-08,4319,6800,3300
2013-11-11,4319,6800,3300
2013-11-12,4319,6800,3300
2013-11-13,4319,6800,3300
2013-11-14,4319,6800,3300
2013-11-15,4319,6800,3300
2013-11-18,4319,6800,3300
2013-11-19,4319,6800,3300
2013-11-20,4554,6900,3300
2013-11-21,4319,6800,3300
2013-11-22,4319,6800,3300
2013-11-25,4319,6800,3300
2013-11-26,4319,6800,3300
2013-11-27,4319,6800,3300
2013-11-28,4319,6800,3300
2013-11-29,4319,6800,3300
2013-12-02,4319,6800,3300
2013-12-03,4319,6800,3300
2013-12-04,4319,6800,3300
2013-12-05,4319,6800,3300
2013-12-06,4319,6800,3300
2013-12-09,4319,6800,3300
2013-12-10,4319,6800,3300
2013-12-11,4319,6800,3300
2013-12-12,4319,6800,3300
2013-12-13,4319,6800,3300
2013-12-16,4319,6800,3300
2013-12-17,4319,6800,3300
2013-12-18,4319,6800,3300
2013-12-19,4319,6800,3300
2013-12-20,4319,6800,3300
2013-12-23,4319,6800,3300
2013-12-24,4319,6800,3300
2013-12-26,4319,6800,3300
2013-12-27,4319,6800,3300
2013-12-30,4349,6800,3300
2013-12-31,4349,6800,3300
2014-01-02,4349,6800,3300
2014-01-03,4349,6800,3300
2014-01-06,4349,6800,3300
2014-01-07,4366,6800,3300
2014-01-08,4366,6800,3300
2014-01-09,4366,6800,3300
2014-01-10,4366,6800,3300
2014-01-13,4366,6800,3300
2014-01-14,4383,6800,3300
2014-01-15,4383,6800,3300
2014-01-16,4417,6800,3300
2014-01-17,4450,6800,3300
2014-01-20,4450,6800,3300
2014-01-21,4450,6800,3300
2014-01-22,4450,6800,3300
2014-01-23,4591,6800,3300
2014-01-24,4611,6800,3300
2014-01-27,4775,7800,3300
2014-01-28,4775,7800,3300
2014-01-29,4775,7800,3300
2014-02-03,4442,6800,3300
2014-02-04,4442,6800,3300
2014-02-05,4442,6800,3300
2014-02-06,4442,6800,3300
2014-02-07,4442,6800,3300
2014-02-10,4442,6800,3300
2014-02-11,4442,6800,3300
2014-02-12,4442,6800,3300
2014-02-13,4484,6800,3300
2014-02-14,4484,6800,3300
2014-02-17,4484,6800,3300
2014-02-18,4468,6800,3300
2014-02-19,4468,6800,3300
2014-02-20,4499,6800,3300
2014-02-21,4499,6800,3300
2014-02-24,4499,6800,3300
2014-02-25,4499,6800,3300
2014-02-26,4499,6800,3300
2014-02-27,4499,6800,3300
2014-02-28,4499,6800,3300
2014-03-03,4459,6800,3300
2014-03-04,4459,6800,3300
2014-03-05,4459,6800,3300
2014-03-06,4459,6800,3300
2014-03-07,4459,6800,3300
2014-03-10,4459,6800,3300
2014-03-11,4459,6800,3300
2014-03-12,4459,6800,3300
2014-03-13,4459,6800,3300
2014-03-14,4459,6800,3300
2014-03-17,4459,6800,3300
2014-03-18,4459,6800,3300
2014-03-19,4459,6800,3300
2014-03-20,4459,6800,3300
2014-03-21,4454,6800,3300
2014-03-24,4454,6800,3300
2014-03-25,4454,6800,3300
2014-03-26,4454,6800,3300
2014-03-27,4454,6800,3300
2014-03-28,4454,6800,3300
2014-03-31,4454,6800,3300
2014-04-01,4454,6800,3300
2014-04-02,4410,6800,3300
2014-04-03,4410,6800,3300
2014-04-04,4410,6800,3300
2014-04-07,4454,6800,3300
2014-04-08,4454,6800,3300
2014-04-09,4454,6800,3300
2014-04-10,4454,6800,3300
2014-04-11,4454,6800,3300
2014-04-14,4454,6800,3300
2014-04-15,4659,6800,3300
2014-04-16,4659,6800,3300
2014-04-17,4659,6800,3300
2014-04-18,4454,6800,3300
2014-04-21,4454,6800,3300
2014-04-22,4454,6800,3300
2014-04-23,4454,6800,3300
2014-04-24,4454,6800,3300
2014-04-25,4454,6800,3300
2014-04-28,4409,6800,3300
2014-04-29,4409,6800,3300
2014-04-30,4409,6800,3300
2014-05-02,4409,6800,3300
2014-05-07,4409,6800,3300
2014-05-08,4409,6800,3300
2014-05-09,4409,6800,3300
2014-05-12,4409,6800,3300
2014-05-13,4409,6800,3300
2014-05-14,4409,6800,3300
2014-05-15,4409,6800,3300
2014-05-16,4399,6800,3300
2014-05-19,4399,6800,3300
2014-05-20,4399,6800,3300
2014-05-21,4399,6800,3300
2014-05-22,4399,6800,3300
2014-05-23,4399,6800,3300
2014-05-26,4399,6800,3300
2014-05-27,4399,6800,3300
2014-05-28,4399,6800,3300
2014-05-29,4399,6800,3300
2014-05-30,4399,6800,3300
2014-06-02,4399,6800,3300
2014-06-03,4399,6800,3300
2014-06-05,4399,6800,3300
2014-06-09,4399,6800,3300
2014-06-10,4399,6800,3300
2014-06-11,4399,6800,3300
2014-06-12,4399,6800,3300
2014-06-13,4399,6800,3300
2014-06-16,4399,6800,3300
2014-06-17,4399,6800,3300
2014-06-18,4399,6800,3300
2014-06-19,4399,6800,3300
2014-06-20,4399,6800,3300
2014-06-23,4399,6800,3300
2014-06-24,4399,6800,3300
2014-06-25,4399,6800,3300
2014-06-26,4399,6800,3300
2014-06-27,4399,6800,3300
2014-06-30,4399,6800,3300
2014-07-01,4399,6800,3300
2014-07-02,4299,6180,3300
2014-07-03,4299,6180,3300
2014-07-04,4299,6180,3300
2014-07-07,4399,6800,3300
2014-07-08,4399,6800,3300
2014-07-09,4369,6800,3000
2014-07-10,4369,6800,3000
2014-07-11,4369,6800,3000
2014-07-14,4369,6800,3000
2014-07-15,4369,6800,3000
2014-07-16,4369,6800,3000
2014-07-17,4369,6800,3000
2014-07-18,4369,6800,3000
2014-07-21,4399,6800,3000
2014-07-22,4399,6800,3000
2014-07-23,4504,7850,3000
2014-07-24,4504,7850,3000
2014-07-25,4504,7850,3000
2014-07-28,4504,7850,3000
2014-07-29,4399,6800,3000
2014-07-30,4399,6800,3000
2014-07-31,4399,6800,3000
2014-08-04,4399,6800,3000
2014-08-05,4399,6800,3000
2014-08-06,4399,6800,3000
2014-08-07,4429,6800,3300
2014-08-08,4429,6800,3300
2014-08-11,4429,6800,3300
2014-08-12,4449,6800,3500
2014-08-13,4449,6800,3500
2014-08-14,4449,6800,3500
2014-08-18,4449,6800,3500
2014-08-19,4449,6800,3500
2014-08-20,4449,6800,3500
2014-08-21,4449,6800,3500
2014-08-22,4449,6800,3500
2014-08-25,4449,6800,3500
2014-08-26,4509,6800,3500
2014-08-27,4509,6800,3500
2014-08-28,4539,6800,3500
2014-08-29,4539,6800,3500
2014-09-01,4576,6980,3500
2014-09-02,4576,6980,3500
2014-09-03,4556,6800,3500
2014-09-04,4576,6980,3500
2014-09-05,4933,8500,3500
2014-09-11,4496,6800,3500
2014-09-12,4496,6800,3500
2014-09-15,4496,6800,3500
2014-09-17,4496,6800,3500
2014-09-18,4715,6900,3500
2014-09-19,4715,6900,3500
2014-09-22,4536,6900,3500
2014-09-23,4536,6900,3500
2014-09-24,4273,6180,3500
2014-09-25,4273,6180,3500
2014-09-26,4273,6180,3500
2014-09-29,4273,6180,3500
2014-09-30,4526,6800,3500
2014-10-01,4526,6800,3500
2014-10-02,4526,6800,3500
2014-10-06,4526,6800,3500
2014-10-07,4526,6800,3500
2014-10-08,4526,6800,3500
2014-10-10,4526,6800,3500
2014-10-13,4526,6800,3500
2014-10-14,4526,6800,3500
2014-10-15,4446,6800,3500
2014-10-16,4446,6800,3500
2014-10-17,4446,6800,3500
2014-10-20,4446,6800,3500
2014-10-21,4446,6800,3500
2014-10-22,4446,6800,3500
2014-10-23,4446,6800,3500
2014-10-24,4446,6800,3500
2014-10-27,4408,6800,3500
2014-10-28,4408,6800,3500
2014-10-29,4408,6800,3500
2014-10-30,4408,6800,3500
2014-10-31,4408,6800,3500
2014-11-03,4408,6800,3500
2014-11-04,4408,6800,3500
2014-11-05,4501,6800,3500
2014-11-06,4501,6800,3500
2014-11-07,4501,6800,3500
2014-11-10,4501,6800,3500
2014-11-11,4501,6800,3500
2014-11-12,4576,6800,3500
2014-11-13,4554,6800,3500
2014-11-14,4554,6800,3500
2014-11-17,4406,6800,2780
2014-11-18,4406,6800,2780
2014-11-19,4406,6800,2780
2014-11-20,4406,6800,2780
2014-11-21,4406,6800,2780
2014-11-24,4406,6800,2780
2014-11-25,4406,6800,2780
2014-11-26,4460,6800,3500
2014-11-27,4424,6800,3500
2014-11-28,4392,6800,3500
2014-12-02,4392,6800,3500
2014-12-03,4392,6800,3500
2014-12-04,4392,6800,3500
2014-12-05,4392,6800,3500
2014-12-08,4392,6800,3500
2014-12-09,4392,6800,3500
2014-12-10,4392,6800,3500
2014-12-11,4392,6800,3500
2014-12-12,4392,6800,3500
2014-12-15,4392,6800,3500
2014-12-16,4392,6800,3500
2014-12-17,4392,6800,3500
2014-12-18,4392,6800,3500
2014-12-19,4422,6800,3500
2014-12-22,4422,6800,3500
2014-12-23,4422,6800,3500
2014-12-24,4422,6800,3500
2014-12-26,4422,6800,3500
2014-12-29,4422,6800,3500
2014-12-30,4436,6800,3500
2014-12-31,4436,6800,3500
2015-01-02,4436,6800,3500
2015-01-05,4436,6800,3500
2015-01-06,4436,6800,3500
2015-01-07,4436,6800,3500
2015-01-08,4406,6800,3500
2015-01-09,4436,6800,3500
2015-01-12,4436,6800,3500
2015-01-13,4436,6800,3500
2015-01-14,4436,6800,3500
2015-01-15,4466,6800,3500
2015-01-16,4466,6800,3500
2015-01-19,4466,6800,3500
2015-01-20,4466,6800,3500
2015-01-21,4466,6800,3500
2015-01-22,4466,6800,3500
2015-01-23,4506,6800,3500
2015-01-26,4506,6800,3500
2015-01-27,4506,6800,3500
2015-01-28,4506,6800,3500
2015-01-29,4506,6800,3500
2015-01-30,4506,6800,3500
2015-02-02,4506,6800,3500
2015-02-03,4526,6800,3500
2015-02-04,4526,6800,3500
2015-02-05,4546,6800,3500
2015-02-06,4546,6800,3500
2015-02-09,4546,6800,3500
2015-02-10,4546,6800,3500
2015-02-11,4546,6800,3500
2015-02-12,4546,6800,3500
2015-02-13,4546,6800,3500
2015-02-16,4546,6800,3500
2015-02-17,4546,6800,3500
2015-02-23,4496,6800,3500
2015-02-24,4496,6800,3500
2015-02-25,4496,6800,3500
2015-02-26,4524,6800,3500
2015-02-27,4551,6800,3500
2015-03-02,4526,6800,3500
2015-03-03,4526,6800,3500
2015-03-04,4526,6800,3500
2015-03-05,4526,6800,3500
2015-03-06,4526,6800,3500
2015-03-09,4273,6480,3500
2015-03-10,4273,6480,3500
2015-03-11,4273,6480,3500
2015-03-12,4310,6480,3650
2015-03-13,4310,6480,3650
2015-03-16,4559,6800,3650
2015-03-17,4559,6800,3650
2015-03-18,4559,6800,3650
2015-03-19,4559,6800,3650
2015-03-20,4579,6800,3700
2015-03-23,4579,6800,3700
2015-03-24,4541,6800,3700
2015-03-25,4555,6800,3700
2015-03-26,4541,6800,3700
2015-03-27,4541,6800,3700
2015-03-30,4541,6800,3700
2015-03-31,4541,6800,3700
2015-04-01,4541,6800,3700
2015-04-02,4541,6800,3700
2015-04-03,4541,6800,3700
2015-04-06,4541,6800,3700
2015-04-07,4541,6800,3700
2015-04-08,4541,6800,3700
2015-04-09,4541,6800,3700
2015-04-10,4541,6800,3700
2015-04-13,4541,6800,3700
2015-04-14,4541,6800,3700
2015-04-15,4541,6800,3700
2015-04-16,4541,6800,3700
2015-04-17,4541,6800,3700
2015-04-20,4541,6800,3700
2015-04-21,4541,6800,3700
2015-04-22,4541,6800,3700
2015-04-23,4541,6800,3700
2015-04-24,4541,6800,3700
2015-04-27,4541,6800,3700
2015-04-28,4541,6800,3700
2015-04-29,4541,6800,3700
2015-04-30,4541,6800,3700
2015-05-04,4541,6800,3700
2015-05-06,4541,6800,3700
2015-05-07,4541,6800,3700
2015-05-08,4541,6800,3700
2015-05-11,4541,6800,3700
2015-05-12,4541,6800,3700
2015-05-13,4541,6800,3700
2015-05-14,4541,6800,3700
2015-05-15,4541,6800,3700
2015-05-18,4541,6800,3700
2015-05-19,4541,6800,3700
2015-05-20,4541,6800,3700
2015-05-21,4495,6800,3700
2015-05-22,4495,6800,3700
2015-05-26,4495,6800,3700
2015-05-27,4450,6800,3700
2015-05-28,4450,6800,3700
2015-05-29,4450,6800,3700
2015-06-01,4492,6800,3700
2015-06-02,4492,6800,3700
2015-06-03,4495,6800,3700
2015-06-04,4473,6800,3600
2015-06-05,4473,6800,3600
2015-06-08,4427,6800,3600
2015-06-09,4427,6800,3600
2015-06-10,4473,6800,3600
2015-06-11,4473,6800,3600
2015-06-12,4473,6800,3600
2015-06-15,4500,7100,3600
2015-06-16,4500,7100,3600
2015-06-17,4500,7100,3600
2015-06-18,4500,7100,3600
2015-06-19,4500,7100,3600
2015-06-22,4515,7100,3600
2015-06-23,4515,7100,3600
2015-06-24,4515,7100,3600
2015-06-25,4515,7100,3600
2015-06-26,4515,7100,3600
2015-06-29,4556,7300,3600
2015-06-30,4556,7300,3600
2015-07-01,4556,7300,3600
2015-07-02,4556,7300,3600
2015-07-03,4556,7300,3600
2015-07-06,4556,7300,3600
2015-07-07,4556,7300,3600
2015-07-08,4516,7300,3600
2015-07-09,4516,7300,3600
2015-07-10,4516,7300,3600
2015-07-13,4516,7300,3600
2015-07-14,4516,7300,3600
2015-07-15,4516,7300,3600
2015-07-16,4516,7300,3600
2015-07-17,4516,7300,3600
2015-07-20,4516,7300,3600
2015-07-21,4516,7300,3600
2015-07-22,4529,7300,3600
2015-07-23,4529,7300,3600
2015-07-24,4529,7300,3600
2015-07-27,4529,7300,3600
2015-07-28,4543,7300,3600
2015-07-29,4613,7800,3600
2015-07-30,4613,7800,3600
2015-07-31,4613,7800,3600
2015-08-03,4613,7800,3600
2015-08-04,4613,7800,3600
2015-08-05,4613,7800,3600
2015-08-06,4631,7800,3600
2015-08-07,4695,7800,3600
2015-08-10,4695,7800,3600
2015-08-11,4695,7800,3600
2015-08-12,4695,7800,3600
2015-08-13,4676,7800,3600
2015-08-17,4676,7800,3600
2015-08-18,4676,7800,3600
2015-08-19,4676,7800,3600
2015-08-20,4676,7800,3600
2015-08-21,4676,7800,3600
2015-08-24,4658,7800,3600
2015-08-25,4658,7800,3600
2015-08-26,4658,7800,3600
2015-08-27,4704,7800,3600
2015-08-28,4704,7800,3600
2015-08-31,4704,7800,3600
2015-09-01,4749,7800,3600
2015-09-02,4749,7800,3600
2015-09-03,4920,7800,3600
2015-09-04,4937,7800,3600
2015-09-07,5015,7800,3600
2015-09-08,4853,7800,3600
2015-09-09,4853,7800,3600
2015-09-10,4853,7800,3600
2015-09-11,4807,7800,3600
2015-09-14,4853,7800,3600
2015-09-15,4807,7800,3600
2015-09-16,4912,7800,3900
2015-09-17,4912,7800,3900
2015-09-18,4912,7800,3900
2015-09-21,4912,7800,3900
2015-09-22,4912,7800,3900
2015-09-23,4912,7800,3900
2015-09-24,4912,7800,3900
2015-09-25,5286,8900,3900
2015-09-30,4903,7800,3900
2015-10-01,4903,7800,3900
2015-10-02,4903,7800,3900
2015-10-05,4912,7800,3900
2015-10-06,4872,7800,3900
2015-10-07,4917,7800,3900
2015-10-08,4917,7800,3900
2015-10-12,4872,7800,3900
2015-10-13,4917,7800,3900
2015-10-14,4917,7800,3900
2015-10-15,4917,7800,3900
2015-10-16,4963,7800,3900
2015-10-19,4917,7800,3900
2015-10-20,4963,7800,3900
2015-10-21,4917,7800,3900
2015-10-22,4917,7800,3900
2015-10-23,4962,7800,3900
2015-10-26,4963,7800,3900
2015-10-27,4963,7800,3900
2015-10-28,4963,7800,3900
2015-10-29,4963,7800,3900
2015-10-30,4963,7800,3900
2015-11-02,4963,7800,3900
2015-11-03,4917,7800,3900
2015-11-04,4963,7800,3900
2015-11-05,4963,7800,3900
2015-11-06,4963,7800,3900
2015-11-09,4963,7800,3900
2015-11-10,4917,7800,3900
2015-11-11,4917,7800,3900
2015-11-12,4917,7800,3900
2015-11-13,4917,7800,3900
2015-11-16,4963,7800,3900
2015-11-17,4963,7800,3900
2015-11-18,4963,7800,3900
2015-11-19,4963,7800,3900
2015-11-20,4917,7800,3900
2015-11-23,4917,7800,3900
2015-11-24,4917,7800,3900
2015-11-25,4917,7800,3900
2015-11-26,4917,7800,3900
2015-11-27,4963,7800,3900
2015-11-30,4963,7800,3900
2015-12-01,4963,7800,3900
2015-12-02,4963,7800,3900
2015-12-03,4963,7800,3900
2015-12-07,4917,7800,3900
2015-12-08,4917,7800,3900
2015-12-09,4917,7800,3900
2015-12-10,4963,7800,3900
2015-12-11,4963,7800,3900
2015-12-14,4963,7800,3900
2015-12-15,4963,7800,3900
2015-12-16,4963,7800,3900
2015-12-17,4963,7800,3900
2015-12-18,4963,7800,3900
2015-12-21,4963,7800,3900
2015-12-22,4963,7800,3900
2015-12-23,4963,7800,3900
2015-12-24,4963,7800,3900
2015-12-28,4963,7800,3900
2015-12-29,4963,7800,3900
2015-12-30,4963,7800,3900
2015-12-31,4963,7800,3900
2016-01-04,4963,7800,3900
2016-01-05,4963,7800,3900
2016-01-06,4963,7800,3900
2016-01-07,5005,7800,3900
2016-01-08,5005,7800,3900
2016-01-11,5005,7800,3900
2016-01-12,5005,7800,3900
2016-01-13,5005,7800,3900
2016-01-14,4959,7800,3900
2016-01-15,4959,7800,3900
2016-01-18,4959,7800,3900
2016-01-19,4959,7800,3900
2016-01-20,4959,7800,3900
2016-01-21,4959,7800,3900
2016-01-22,4959,7800,3900
2016-01-25,4959,7800,3900
2016-01-26,4959,7800,3900
2016-01-27,5053,7800,4160
2016-01-28,5115,7880,4160
2016-01-29,5115,7880,4160
2016-02-01,5065,7800,4160
2016-02-02,5065,7800,4160
2016-02-03,5090,7800,4160
2016-02-04,5140,7880,4160
2016-02-05,5140,7880,4160
2016-02-11,5218,7880,4160
2016-02-12,5218,7880,4160
2016-02-15,5140,7880,4160
2016-02-16,5140,7880,4160
2016-02-17,5100,7800,4160
2016-02-18,5060,7800,4160
2016-02-19,5117,7800,4200
2016-02-22,5117,7800,4200
2016-02-23,5017,7800,4200
2016-02-24,5117,7800,4200
2016-02-25,4967,7800,4200
2016-02-26,4967,7800,4200
2016-02-29,4967,7800,4200
2016-03-02,4967,7800,4200
2016-03-03,4967,7800,4200
2016-03-04,4967,7800,4200
2016-03-07,4967,7800,4200
2016-03-08,4987,7800,4200
2016-03-09,4987,7800,4200
2016-03-10,4987,7800,4200
2016-03-11,4987,7800,4200
2016-03-14,4987,7800,4200
2016-03-15,4987,7800,4200
2016-03-16,4970,7800,4160
2016-03-17,4970,7800,4160
2016-03-18,4970,7800,4160
2016-03-21,4970,7800,4160
2016-03-22,4970,7800,4160
2016-03-23,4970,7800,4160
2016-03-24,4970,7800,4160
2016-03-25,4970,7800,4160
2016-03-28,4970,7800,4160
2016-03-29,4970,7800,4160
2016-03-30,4970,7800,4160
2016-03-31,4970,7800,4160
2016-04-01,4970,7800,4160
2016-04-04,4970,7800,4160
2016-04-05,4970,7800,4160
2016-04-06,4970,7800,4160
2016-04-07,4970,7800,4160
2016-04-08,4970,7800,4160
2016-04-11,4945,7800,4160
2016-04-12,4945,7800,4160
2016-04-14,4945,7800,4160
2016-04-15,4945,7800,4160
2016-04-18,4945,7800,4160
2016-04-19,4945,7800,4160
2016-04-20,4955,7800,4160
2016-04-21,4955,7800,4160
2016-04-22,4955,7800,4160
2016-04-25,4955,7800,4160
2016-04-26,4955,7800,4160
2016-04-27,4955,7800,4160
2016-04-28,4955,7800,4160
2016-04-29,4955,7800,4160
2016-05-02,4955,7800,4160
2016-05-03,4930,7800,4160
2016-05-04,4930,7800,4160
2016-05-09,4900,7800,4160
2016-05-10,4930,7800,4160
2016-05-11,4930,7800,4160
2016-05-12,4930,7800,4160
2016-05-13,4930,7800,4160
2016-05-16,4930,7800,4160
2016-05-17,4930,7800,4160
2016-05-18,4930,7800,4160
2016-05-19,4930,7800,4160
2016-05-20,4930,7800,4160
2016-05-23,4930,7800,4160
2016-05-24,4930,7800,4160
2016-05-25,4930,7800,4160
2016-05-26,4930,7800,4160
2016-05-27,4930,7800,4160
2016-05-30,4930,7800,4160
2016-05-31,4930,7800,4160
2016-06-01,4930,7800,4160
2016-06-02,4965,7800,4160
2016-06-03,4965,7800,4160
2016-06-07,5015,7800,4160
2016-06-08,5015,7800,4160
2016-06-09,5015,7800,4160
2016-06-10,5015,7800,4160
2016-06-13,4948,7800,4080
2016-06-14,4948,7800,4080
2016-06-15,4966,7800,4080
2016-06-16,4966,7800,4080
2016-06-17,4966,7800,4080
2016-06-20,4975,7800,4080
2016-06-21,4975,7800,4080
2016-06-22,4975,7800,4080
2016-06-23,4975,7800,4080
2016-06-24,4975,7800,4080
2016-06-27,4975,7800,4080
2016-06-28,4975,7800,4080
2016-06-29,4975,7800,4080
2016-06-30,4975,7800,4080
2016-07-01,4975,7800,4080
2016-07-04,4975,7800,4080
2016-07-05,4975,7800,4080
2016-07-06,4975,7800,4080
2016-07-07,4975,7800,4080
2016-07-08,4975,7800,4080
2016-07-11,4994,7800,4080
2016-07-12,4994,7800,4080
2016-07-13,4994,7800,4080
2016-07-14,4994,7800,4080
2016-07-15,4994,7800,4080
2016-07-18,4994,7800,4080
2016-07-19,4994,7800,4080
2016-07-20,4994,7800,4080
2016-07-21,4994,7800,4080
2016-07-22,4994,7800,4080
2016-07-25,4994,7800,4080
2016-07-26,4994,7800,4080
2016-07-27,4994,7800,4080
2016-07-28,4994,7800,4080
2016-07-29,4994,7800,4080
2016-08-01,4994,7800,4080
2016-08-02,4994,7800,4080
2016-08-03,4994,7800,4080
2016-08-04,4994,7800,4080
2016-08-05,4994,7800,4080
2016-08-08,4994,7800,4080
2016-08-09,4994,7800,4080
2016-08-10,4994,7800,4080
2016-08-11,4994,7800,4080
2016-08-12,4994,7800,4080
2016-08-16,4994,7800,4080
2016-08-17,5030,7800,4080
2016-08-18,5030,7800,4080
2016-08-19,5030,7800,4080
2016-08-22,5030,7800,4080
2016-08-23,5030,7800,4080
2016-08-24,5030,7800,4080
2016-08-25,5030,7800,4080
2016-08-26,5030,7800,4080
2016-08-29,5057,7800,4080
2016-08-30,5057,7800,4080
2016-08-31,5057,7800,4080
2016-09-01,5057,7800,4080
2016-09-02,5065,7800,4080
2016-09-05,5065,7800,4080
2016-09-06,5065,7800,4080
2016-09-07,5065,7800,4080
2016-09-08,5065,7800,4080
2016-09-09,5065,7800,4080
2016-09-12,5081,7800,4080
2016-09-13,5081,7800,4080
2016-09-19,4841,7800,4080
2016-09-20,4841,7800,4080
2016-09-21,4841,7800,4080
2016-09-22,4999,7800,4080
2016-09-23,4999,7800,4080
2016-09-26,4999,7800,4080
2016-09-27,4999,7800,4080
2016-09-28,4999,7800,4080
2016-09-29,4999,7800,4080
2016-09-30,4999,7800,4080
2016-10-04,4999,7800,4080
2016-10-05,5026,7800,4080
2016-10-06,5026,7800,4080
2016-10-07,4990,7800,4080
2016-10-10,4990,7800,4080
2016-10-11,4999,7800,4080
2016-10-12,5015,7800,4200
2016-10-13,5015,7800,4200
2016-10-14,5015,7800,4200
2016-10-17,5056,7800,4200
2016-10-18,5056,7800,4200
2016-10-19,5056,7800,4200
2016-10-20,5102,7800,4200
2016-10-21,5102,7800,4200
2016-10-24,5102,7800,4200
2016-10-25,5102,7800,4200
2016-10-26,5102,7800,4200
2016-10-27,5099,7800,4200
2016-10-28,5099,7800,4200
2016-10-31,5099,7800,4200
2016-11-01,5086,7800,4200
2016-11-02,5086,7800,4200
2016-11-03,5086,7800,4200
2016-11-04,5086,7800,4200
2016-11-07,5086,7800,4200
2016-11-08,5086,7800,4200
2016-11-09,5086,7800,4200
2016-11-10,5086,7800,4200
2016-11-11,5086,7800,4200
2016-11-14,5086,7800,4200
2016-11-15,5086,7800,4200
2016-11-16,5086,7800,4200
2016-11-17,5086,7800,4200
2016-11-18,5086,7800,4200
2016-11-21,5123,7800,4200
2016-11-22,5123,7800,4200
2016-11-23,5123,7800,4200
2016-11-24,5123,7800,4200
2016-11-25,5123,7800,4200
2016-11-28,5123,7800,4200
2016-11-29,5123,7800,4200
2016-11-30,5123,7800,4200
2016-12-01,5032,7800,4200
2016-12-05,5030,7800,4200
2016-12-06,5030,7800,4200
2016-12-07,5030,7800,4200
2016-12-08,5030,7800,4200
2016-12-09,5030,7800,4200
2016-12-12,5030,7800,4200
2016-12-13,5123,7800,4200
2016-12-14,5123,7800,4200
2016-12-15,5068,7800,4200
2016-12-16,5068,7800,4200
2016-12-19,5068,7800,4200
2016-12-20,5068,7800,4200
2016-12-21,5068,7800,4200
2016-12-22,5068,7800,4200
2016-12-23,5068,7800,4200
2016-12-26,5068,7800,4200
2016-12-27,5068,7800,4200
2016-12-28,5068,7800,4200
2016-12-29,5068,7800,4200
2016-12-30,5123,7800,4200
2017-01-02,5123,7800,4200
2017-01-03,5114,7800,4200
2017-01-04,5168,7800,4200
2017-01-05,5168,7800,4200
2017-01-06,5168,7800,4200
2017-01-09,5186,7800,4200
2017-01-10,5186,7800,4200
2017-01-11,5186,7800,4200
2017-01-12,5186,7800,4200
2017-01-13,5232,7800,4200
2017-01-16,5232,7800,4200
2017-01-17,5232,7800,4200
2017-01-18,5232,7800,4200
2017-01-19,5232,7800,4200
2017-01-20,5232,7800,4200
2017-01-23,5232,7800,4200
2017-01-24,5232,7800,4200
2017-01-25,5246,7800,4200
2017-01-26,5246,7800,4200
2017-01-31,5155,7800,4200
2017-02-01,5155,7800,4200
2017-02-02,5110,7800,4200
2017-02-03,5110,7800,4200
2017-02-06,5128,7800,4200
2017-02-07,5128,7800,4200
2017-02-08,5128,7800,4200
2017-02-09,4861,6180,4200
2017-02-10,4861,6180,4200
2017-02-13,4861,6180,4200
2017-02-14,4861,6180,4200
2017-02-15,4861,6180,4200
2017-02-16,4861,6180,4200
2017-02-17,4861,6180,4200
2017-02-20,5128,7800,4200
2017-02-21,5128,7800,4200
2017-02-22,5128,7800,4200
2017-02-23,5128,7800,4200
2017-02-24,5128,7800,4200
2017-02-27,5128,7800,4200
2017-02-28,5128,7800,4200
2017-03-02,5128,7800,4200
2017-03-03,5128,7800,4200
2017-03-06,5128,7800,4200
2017-03-07,5128,7800,4200
2017-03-08,5128,7800,4200
2017-03-09,5128,7800,4200
2017-03-10,5128,7800,4200
2017-03-13,5128,7800,4200
2017-03-14,5128,7800,4200
2017-03-15,5128,7800,4200
2017-03-16,5169,7800,4250
2017-03-17,5169,7800,4250
2017-03-20,5169,7800,4250
2017-03-21,5169,7800,4250
2017-03-22,5169,7800,4250
2017-03-23,5169,7800,4250
2017-03-24,5169,7800,4250
2017-03-27,5169,7800,4250
2017-03-28,5169,7800,4250
2017-03-29,5169,7800,4250
2017-03-30,5169,7800,4250
2017-03-31,5185,7800,4250
2017-04-03,5215,7800,4250
2017-04-04,5215,7800,4250
2017-04-05,5215,7800,4250
2017-04-06,5215,7800,4250
2017-04-07,5215,7800,4250
2017-04-10,5215,7800,4250
2017-04-11,5215,7800,4250
2017-04-12,5215,7800,4250
2017-04-13,5215,7800,4250
2017-04-14,5215,7800,4250
2017-04-17,5215,7800,4250
2017-04-18,5215,7800,4250
2017-04-19,5215,7800,4250
2017-04-20,5215,7800,4250
2017-04-21,5215,7800,4250
2017-04-24,5215,7800,4250
2017-04-25,5215,7800,4250
2017-04-26,5215,7800,4250
2017-04-27,5215,7800,4250
2017-04-28,4956,6180,4250
2017-05-02,5215,7800,4250
2017-05-04,5215,7800,4250
2017-05-08,5215,7800,4250
2017-05-10,5215,7800,4250
2017-05-11,5215,7800,4250
2017-05-12,5215,7800,4250
2017-05-15,5215,7800,4250
2017-05-16,4956,6180,4250
2017-05-17,4956,6180,4250
2017-05-18,4956,6180,4250
2017-05-19,4956,6180,4250
2017-05-22,4956,6180,4250
2017-05-23,4956,6180,4250
2017-05-24,4956,6180,4250
2017-05-25,4956,6180,4250
2017-05-26,4956,6180,4250
2017-05-29,4956,6180,4250
2017-05-30,4976,6180,4250
2017-05-31,4976,6180,4250
2017-06-01,4986,6180,4250
2017-06-02,4986,6180,4250
2017-06-05,5242,7800,4250
2017-06-07,5242,7800,4250
2017-06-08,5242,7800,4250
2017-06-09,5242,7800,4250
2017-06-12,5269,7800,4250
2017-06-13,5016,6180,4250
2017-06-14,5016,6180,4250
2017-06-15,5016,6180,4250
2017-06-16,5016,6180,4250
2017-06-19,5016,6180,4250
2017-06-20,5016,6180,4250
2017-06-21,5016,6180,4250
2017-06-22,5016,6180,4250
2017-06-23,5016,6180,4250
2017-06-26,5333,8500,4250
2017-06-27,5333,8500,4250
2017-06-28,5333,8500,4250
2017-06-29,5333,8500,4250
2017-06-30,5333,8500,4250
2017-07-03,5333,8500,4250
2017-07-04,5333,8500,4250
2017-07-05,5333,8500,4250
2017-07-06,5287,8500,4250
2017-07-07,4956,5680,4250
2017-07-10,5006,6180,4250
2017-07-11,5006,6180,4250
2017-07-12,5006,6180,4250
2017-07-13,5142,6500,4250
2017-07-14,5142,6500,4250
2017-07-17,5142,6500,4250
2017-07-18,5006,6180,4250
2017-07-19,5006,6180,4250
2017-07-20,5096,6180,4250
2017-07-21,5096,6180,4250
2017-07-24,5380,8500,4250
2017-07-25,5380,8500,4250
2017-07-26,5380,8500,4250
2017-07-27,5324,8500,4250
2017-07-28,5351,8500,4250
2017-07-31,5124,6480,4250
2017-08-01,5124,6480,4250
2017-08-02,5124,6480,4250
2017-08-03,5036,6480,4250
2017-08-04,5036,6480,4250
2017-08-07,5036,6480,4250
2017-08-08,5036,6480,4250
2017-08-09,5036,6480,4250
2017-08-10,5036,6480,4250
2017-08-11,5036,6480,4250
2017-08-14,5036,6480,4250
2017-08-16,5038,6480,4270
2017-08-17,5038,6480,4270
2017-08-18,5038,6480,4270
2017-08-21,5038,6480,4270
2017-08-22,5038,6480,4270
2017-08-23,5038,6480,4270
2017-08-24,5125,6480,4270
2017-08-25,5125,6480,4270
2017-08-28,5038,6480,4270
2017-08-29,5038,6480,4270
2017-08-30,5068,6780,4270
2017-08-31,5068,6780,4270
2017-09-01,5068,6780,4270
2017-09-04,5353,8200,4270
2017-09-05,5307,8200,4270
2017-09-06,5307,8200,4270
2017-09-07,5271,7800,4270
2017-09-08,5271,7800,4270
2017-09-11,5314,8200,4270
2017-09-12,5314,8200,4270
2017-09-13,5314,8200,4270
2017-09-14,5025,6780,4270
2017-09-15,5087,6780,4270
2017-09-18,5087,6780,4270
2017-09-19,5334,7800,4270
2017-09-20,5334,7800,4270
2017-09-21,5334,7800,4270
2017-09-22,5277,7800,4270
2017-09-25,5286,7900,4270
2017-09-26,5277,7800,4270
2017-09-27,5271,7800,4270
2017-09-28,5271,7800,4270
2017-09-29,5271,7800,4270
2017-10-10,5271,7800,4270
2017-10-11,5018,6780,4270
2017-10-12,5002,6780,4270
2017-10-13,5002,6780,4270
2017-10-16,5002,6780,4270
2017-10-17,5002,6780,4270
2017-10-18,5002,6780,4270
2017-10-19,5002,6780,4270
2017-10-20,5002,6780,4270
2017-10-23,5002,6780,4270
2017-10-24,5002,6780,4270
2017-10-25,5002,6780,4270
2017-10-26,5002,6780,4270
2017-10-27,5002,6780,4270
2017-10-30,5002,6780,4270
2017-10-31,5002,6780,4270
2017-11-01,5002,6780,4270
2017-11-02,5002,6780,4270
2017-11-03,5002,6780,4270
2017-11-06,5002,6780,4270
2017-11-07,4972,6480,4270
2017-11-08,4972,6480,4270
2017-11-09,4972,6480,4270
2017-11-10,4972,6480,4270
2017-11-13,4972,6480,4270
2017-11-14,4972,6480,4270
2017-11-15,4972,6480,4270
2017-11-16,4972,6480,4270
2017-11-17,4972,6480,4270
2017-11-20,4972,6480,4270
2017-11-21,4972,6480,4270
2017-11-22,4972,6480,4270
2017-11-23,4972,6480,4270
2017-11-24,4972,6480,4270
2017-11-27,4972,6480,4270
2017-11-28,4972,6480,4270
2017-11-29,4972,6480,4270
2017-11-30,4972,6480,4270
2017-12-04,4972,6480,4270
2017-12-05,4972,6480,4270
2017-12-06,4972,6480,4270
2017-12-07,4972,6480,4270
2017-12-08,4972,6480,4270
2017-12-11,4972,6480,4270
2017-12-12,4972,6480,4270
2017-12-13,4972,6480,4270
2017-12-14,4972,6480,4270
2017-12-15,4972,6480,4270
2017-12-18,4972,6480,4270
2017-12-19,4972,6480,4270
2017-12-20,4972,6480,4270
2017-12-21,5022,6980,4270
2017-12-22,5022,6980,4270
2017-12-26,5022,6980,4270
2017-12-27,5022,6980,4270
2017-12-28,5022,6980,4270
2017-12-29,5022,6980,4270
2018-01-02,5022,6980,4270
2018-01-03,5022,6980,4270
2018-01-04,5028,6980,4270
2018-01-05,5028,6980,4270
2018-01-08,5028,6980,4270
2018-01-09,5280,7800,4270
2018-01-10,5280,7800,4270
2018-01-11,5280,7800,4270
2018-01-12,5280,7800,4270
2018-01-15,5280,7800,4270
2018-01-16,5280,7800,4270
2018-01-17,5280,7800,4270
2018-01-18,5340,7800,4270
2018-01-19,5340,7800,4270
2018-01-22,5340,7800,4270
2018-01-23,5116,6980,4270
2018-01-24,5116,6980,4270
2018-01-25,5028,6980,4270
2018-01-26,5028,6980,4270
2018-01-29,5028,6980,4270
2018-01-30,5280,7800,4270
2018-01-31,5280,7800,4270
2018-02-01,5116,6980,4270
2018-02-02,5116,6980,4270
2018-02-05,5116,6980,4270
2018-02-06,5340,7800,4270
2018-02-07,5340,7800,4270
2018-02-08,5340,7800,4270
2018-02-09,5340,7800,4270
2018-02-12,5340,7800,4270
2018-02-13,5340,7800,4270
2018-02-14,5028,6980,4270
2018-02-19,5028,6980,4270
2018-02-20,5028,6980,4270
2018-02-21,5032,6980,4270
2018-02-22,5284,7800,4270
2018-02-23,5256,7800,4270
2018-02-26,5256,7800,4270
2018-02-27,5256,7800,4270
2018-02-28,5247,7800,4270
2018-03-02,5247,7800,4270
2018-03-05,5247,7800,4270
2018-03-06,5247,7800,4270
2018-03-07,5247,7800,4270
2018-03-08,5247,7800,4270
2018-03-09,5247,7800,4270
2018-03-12,5247,7800,4270
2018-03-13,5247,7800,4270
2018-03-14,5247,7800,4270
2018-03-15,5247,7800,4270
2018-03-16,5247,7800,4270
2018-03-19,5247,7800,4270
2018-03-20,5247,7800,4270
2018-03-21,5247,7800,4270
2018-03-22,5310,7800,4270
2018-03-23,5310,7800,4270
2018-03-26,5310,7800,4270
2018-03-27,5310,7800,4270
2018-03-28,5310,7800,4270
2018-03-29,5247,7800,4270
2018-03-30,5247,7800,4270
2018-04-02,5247,7800,4270
2018-04-03,5247,7800,4270
2018-04-04,5247,7800,4270
2018-04-05,5297,7800,4270
2018-04-06,5297,7800,4270
2018-04-09,5297,7800,4270
2018-04-10,5297,7800,4270
2018-04-11,5297,7800,4270
2018-04-12,5233,7800,4270
2018-04-13,5233,7800,4270
2018-04-16,5233,7800,4270
2018-04-17,5233,7800,4270
2018-04-18,5233,7800,4270
2018-04-19,5233,7800,4270
2018-04-20,5233,7800,4270
2018-04-23,5233,7800,4270
2018-04-24,5233,7800,4270
2018-04-25,5196,7800,4270
2018-04-26,5196,7800,4270
2018-04-27,5196,7800,4270
2018-04-30,5196,7800,4270
2018-05-02,5196,7800,4270
2018-05-03,5196,7800,4270
2018-05-04,5196,7800,4270
2018-05-08,5196,7800,4270
2018-05-09,5196,7800,4270
2018-05-10,5233,7800,4270
2018-05-11,5233,7800,4270
2018-05-14,5233,7800,4270
2018-05-15,5233,7800,4270
2018-05-16,5233,7800,4270
2018-05-17,5363,7800,4270
2018-05-18,5363,7800,4270
2018-05-21,5363,7800,4270
2018-05-23,5233,7800,4270
2018-05-24,5233,7800,4270
2018-05-25,5233,7800,4270
2018-05-28,5233,7800,4270
2018-05-29,5233,7800,4270
2018-05-30,5233,7800,4270
2018-05-31,5142,7800,4270
2018-06-01,5142,7800,4270
2018-06-04,5142,7800,4270
2018-06-05,5142,7800,4270
2018-06-07,5142,7800,4270
2018-06-08,5142,7800,4270
2018-06-11,5142,7800,4270
2018-06-12,5142,7800,4270
2018-06-14,5142,7800,4270
2018-06-15,5142,7800,4270
2018-06-18,5142,7800,4270
2018-06-19,5142,7800,4270
2018-06-20,5142,7800,4270
2018-06-21,4945,5980,4270
2018-06-22,4945,5980,4270
2018-06-25,4945,5980,4270
2018-06-26,4945,5980,4270
2018-06-27,4945,5980,4270
2018-06-28,4945,5980,4270
2018-06-29,4945,5980,4270
2018-07-02,4945,5980,4270
2018-07-03,4945,5980,4270
2018-07-04,4945,5980,4270
2018-07-05,4917,5980,4270
2018-07-06,5120,7800,4270
2018-07-09,5120,7800,4270
2018-07-10,5120,7800,4270
2018-07-11,5120,7800,4270
2018-07-12,5120,7800,4270
2018-07-13,5120,7800,4270
2018-07-16,5120,7800,4270
2018-07-17,5120,7800,4270
2018-07-18,5120,7800,4270
2018-07-19,5120,7800,4270
2018-07-20,5120,7800,4270
2018-07-23,5120,7800,4270
2018-07-24,5120,7800,4270
2018-07-25,5120,7800,4270
2018-07-26,5120,7800,4270
2018-07-27,5120,7800,4270
2018-07-30,5120,7800,4270
2018-07-31,5120,7800,4270
2018-08-01,5120,7800,4270
2018-08-02,5120,7800,4270
2018-08-03,5120,7800,4270
2018-08-06,5120,7800,4270
2018-08-07,5120,7800,4270
2018-08-08,5120,7800,4270
2018-08-09,5120,7800,4270
2018-08-10,5120,7800,4270
2018-08-13,5120,7800,4270
2018-08-14,5120,7800,4270
2018-08-16,5211,7800,4270
2018-08-17,5211,7800,4270
2018-08-20,5211,7800,4270
2018-08-21,5211,7800,4270
2018-08-22,5211,7800,4270
2018-08-23,5211,7800,4270
2018-08-24,5211,7800,4270
2018-08-27,5211,7800,4270
2018-08-28,5211,7800,4270
2018-08-29,5211,7800,4270
2018-08-30,5211,7800,4270
2018-08-31,5211,7800,4270
2018-09-03,5211,7800,4270
2018-09-04,5211,7800,4270
2018-09-05,5211,7800,4270
2018-09-06,5211,7800,4270
2018-09-07,5211,7800,4270
2018-09-10,5211,7800,4270
2018-09-11,5211,7800,4270
2018-09-12,5229,7800,4270
2018-09-13,5229,7800,4270
2018-09-14,5229,7800,4270
2018-09-17,5229,7800,4270
2018-09-18,5229,7800,4270
2018-09-19,5229,7800,4270
2018-09-20,5229,7800,4270
2018-09-21,5229,7800,4270
2018-09-27,5252,7800,4270
2018-09-28,5252,7800,4270
2018-10-01,5243,7800,4270
2018-10-02,5243,7800,4270
2018-10-04,5243,7800,4270
2018-10-05,5243,7800,4270
2018-10-08,5373,7800,4270
2018-10-10,5373,7800,4270
2018-10-11,5243,7800,4270
2018-10-12,5243,7800,4270
2018-10-15,5197,7800,4270
2018-10-16,5258,7800,4440
2018-10-17,5213,7800,4440
2018-10-18,5258,7800,4440
2018-10-19,5258,7800,4440
2018-10-22,5258,7800,4440
2018-10-23,5258,7800,4440
2018-10-24,5258,7800,4440
2018-10-25,5258,7800,4440
2018-10-26,5258,7800,4440
2018-10-29,5258,7800,4440
2018-10-30,5258,7800,4440
2018-10-31,5258,7800,4440
2018-11-01,5778,11490,4440
2018-11-02,5778,11490,4440
2018-11-05,5778,11490,4440
2018-11-06,5778,11490,4440
2018-11-07,5778,11490,4440
2018-11-08,5258,7800,4440
2018-11-09,5778,11490,4440
2018-11-12,5778,11490,4440
2018-11-13,5778,11490,4440
2018-11-14,5778,11490,4440
2018-11-15,5258,7800,4440
2018-11-16,5258,7800,4440
2018-11-19,5258,7800,4440
2018-11-20,5258,7800,4440
2018-11-21,5228,7800,4440
2018-11-22,5228,7800,4440
2018-11-23,5228,7800,4440
2018-11-26,5228,7800,4440
2018-11-27,5228,7800,4440
2018-11-28,5258,7800,4440
2018-11-29,5258,7800,4440
2018-11-30,5258,7800,4440
2018-12-03,5320,7800,4440
2018-12-04,5320,7800,4440
2018-12-05,5271,7800,4440
2018-12-06,5271,7800,4440
2018-12-10,5248,7800,4440
2018-12-11,5248,7800,4440
2018-12-12,5248,7800,4440
2018-12-13,5248,7800,4440
2018-12-14,5248,7800,4440
2018-12-17,5248,7800,4440
2018-12-18,5248,7800,4440
2018-12-19,5248,7800,4440
2018-12-20,5248,7800,4440
2018-12-21,5248,7800,4440
2018-12-24,5248,7800,4440
2018-12-26,5230,7800,4440
2018-12-27,5230,7800,4440
2018-12-28,5230,7800,4440
2018-12-31,5230,7800,4440
2019-01-02,5230,7800,4440
2019-01-03,5230,7800,4440
2019-01-04,5230,7800,4440
2019-01-07,5230,7800,4440
2019-01-08,5230,7800,4440
2019-01-09,5230,7800,4440
2019-01-10,5230,7800,4440
2019-01-11,5192,7800,4440
2019-01-14,5192,7800,4440
2019-01-15,5192,7800,4440
2019-01-16,5192,7800,4440
2019-01-17,5192,7800,4440
2019-01-18,5192,7800,4440
2019-01-21,5192,7800,4440
2019-01-22,5192,7800,4440
2019-01-23,5192,7800,4440
2019-01-24,5183,7800,4440
2019-01-25,5183,7800,4440
2019-01-28,5192,7900,4440
2019-01-29,5192,7900,4440
2019-01-30,5192,7900,4440
2019-01-31,5192,7900,4440
2019-02-01,5192,7900,4440
2019-02-07,5192,7900,4440
2019-02-08,5183,7800,4440
2019-02-11,4983,7800,4440
2019-02-12,4983,7800,4440
2019-02-13,4983,7800,4440
2019-02-14,5092,7800,4440
2019-02-15,5092,7800,4440
2019-02-18,5092,7800,4440
2019-02-19,5092,7800,4440
2019-02-20,5092,7800,4440
2019-02-21,5183,7800,4440
2019-02-22,5183,7800,4440
2019-02-25,5183,7800,4440
2019-02-26,5183,7800,4440
2019-02-27,5183,7800,4440
2019-02-28,5251,7800,4440
2019-03-04,5251,7800,4440
2019-03-05,5251,7800,4440
2019-03-06,5251,7800,4440
2019-03-07,5251,7800,4440
2019-03-08,5251,7800,4440
2019-03-11,5251,7800,4440
2019-03-12,5251,7800,4440
2019-03-13,5251,7800,4440
2019-03-14,5251,7800,4440
2019-03-15,5251,7800,4440
2019-03-18,5251,7800,4440
2019-03-19,5251,7800,4440
2019-03-20,5251,7800,4440
2019-03-21,5251,7800,4440
2019-03-22,5268,7800,4440
2019-03-25,5268,7800,4440
2019-03-26,5268,7800,4440
2019-03-27,5268,7800,4440
2019-03-28,5278,7800,4440
2019-03-29,5278,7800,4440
2019-04-01,5278,7800,4440
2019-04-02,5364,7800,4440
2019-04-03,5364,7800,4440
2019-04-04,5364,7800,4440
2019-04-05,5364,7800,4440
2019-04-08,5364,7800,4440
2019-04-09,5364,7800,4440
2019-04-10,5364,7800,4440
2019-04-11,5364,7800,4440
2019-04-12,5364,7800,4440
2019-04-15,5364,7800,4440
2019-04-16,5364,7800,4440
2019-04-17,5364,7800,4440
2019-04-18,5364,7800,4440
2019-04-19,5364,7800,4440
2019-04-22,5364,7800,4440
2019-04-23,5364,7800,4440
2019-04-24,5364,7800,4440
2019-04-25,5364,7800,4440
2019-04-26,5364,7800,4440
2019-04-29,5364,7800,4440
2019-04-30,5364,7800,4440
2019-05-02,5364,7800,4440
2019-05-03,5364,7800,4440
2019-05-07,5387,7800,4440
2019-05-08,5387,7800,4440
2019-05-09,5387,7800,4440
2019-05-10,5242,7180,4440
2019-05-13,5242,7180,4440
2019-05-14,5242,7180,4440
2019-05-15,5242,7180,4440
2019-05-16,5064,7180,4440
2019-05-17,5064,7180,4440
2019-05-20,5085,7180,4440
2019-05-21,5085,7180,4440
2019-05-22,5085,7180,4440
2019-05-23,5085,7180,4440
2019-05-24,5085,7180,4440
2019-05-27,5085,7180,4440
2019-05-28,5085,7180,4440
2019-05-29,5085,7180,4440
2019-05-30,5085,7180,4440
2019-05-31,5085,7180,4440
2019-06-03,5085,7180,4440
2019-06-04,5085,7180,4440
2019-06-05,5085,7180,4440
2019-06-07,5085,7180,4440
2019-06-10,5085,7180,4440
2019-06-11,5085,7180,4440
2019-06-12,5085,7180,4440
2019-06-13,5097,7180,4440
2019-06-14,5104,7180,4490
2019-06-17,5104,7180,4490
2019-06-18,5104,7180,4490
2019-06-19,5104,7180,4490
2019-06-20,5104,7180,4490
2019-06-21,5104,7180,4490
2019-06-24,5129,7180,4490
2019-06-25,5144,7180,4490
2019-06-26,5144,7180,4490
2019-06-27,5144,7180,4490
2019-06-28,5144,7180,4490
2019-07-01,5144,7180,4490
2019-07-02,5216,7180,4490
2019-07-03,5216,7180,4490
2019-07-04,5216,7180,4490
2019-07-05,5216,7180,4490
2019-07-08,5216,7180,4490
2019-07-09,5216,7180,4490
2019-07-10,5216,7180,4490
2019-07-11,5216,7180,4490
2019-07-12,5216,7180,4490
2019-07-15,5216,7180,4490
2019-07-16,5216,7180,4490
2019-07-17,5216,7180,4490
2019-07-18,5216,7180,4490
2019-07-19,5159,7180,4200
2019-07-22,5159,7180,4200
2019-07-23,5159,7180,4200
2019-07-24,5159,7180,4200
2019-07-25,5159,7180,4200
2019-07-26,5159,7180,4200
2019-07-29,5159,7180,4200
2019-07-30,5159,7180,4200
2019-07-31,5159,7180,4200
2019-08-01,5159,7180,4200
2019-09-03,5587,7480,4200
2019-09-04,5644,7480,4490
2019-09-05,5644,7480,4490
2019-09-06,5644,7480,4490
2019-09-09,5644,7480,4490
2019-09-10,5644,7480,4490
2019-09-11,5644,7480,4490
2019-09-16,5644,7480,4490
2020-01-10,6054,7880,4800
2020-01-13,6054,7880,4800
2020-01-14,6011,7880,4500
2020-01-15,6333,8580,4500
2020-01-16,6333,8580,4500
2020-01-17,6333,8580,4500
2020-01-20,6333,8580,4500
2020-01-21,6333,8580,4500
2020-01-22,6333,8580,4500
2020-01-23,6333,8580,4500
2020-01-28,6011,7880,4500
2020-01-29,6011,7880,4500
2020-01-30,6011,7880,4500
2020-01-31,6011,7880,4500
2020-02-03,6011,7880,4500
2020-02-04,6011,7880,4500
2020-02-05,6011,7880,4500
2020-02-06,6011,7880,4500
2020-02-07,6011,7880,4500
2020-02-10,5926,7880,4500
2020-02-11,5926,7880,4500
2020-02-12,5926,7880,4500
2020-02-13,5783,7500,4500
2020-02-14,5926,7880,4500
2020-02-17,5869,7500,4500
2020-02-18,5726,7500,4500
2020-02-19,5726,7500,4500
2020-02-20,5726,7500,4500
2020-02-21,5726,7500,4500
2020-02-24,5869,7500,4500
2020-02-25,5869,7500,4500
2020-02-26,5869,7500,4500
2020-02-27,5869,7500,4500
2020-02-28,5869,7500,4500
2020-03-02,5869,7500,4500
2020-03-03,5869,7500,4500
2020-03-04,5869,7500,4500
2020-09-21,6424,9500,5000
2020-09-22,6424,9500,5000
2020-09-23,6424,9500,5000
2020-09-24,6424,9500,5000
2020-09-25,6424,9500,5000
2020-09-28,6424,9500,5000
2020-09-29,6424,9500,5000
2020-10-05,6424,9500,5000
2020-10-06,6424,9500,5000
2020-10-07,6424,9500,5000
2020-10-08,6424,9500,5000
2020-10-12,6424,9500,5000
2020-10-13,6279,8480,5000
2021-02-01,6364,8980,5000
2021-02-02,6606,8980,5000
2021-02-03,6606,8980,5330
2021-12-31,7850,9500,5500
